{"cameraMode":{"drawMode":0,"name":"Shaded","section":"Shading Mode"},"sceneLighting":false,"audioPlay":false,"sceneViewState":{"m_AlwaysRefresh":false,"showFog":true,"showSkybox":false,"showFlares":true,"showImageEffects":true,"showParticleSystems":true,"showVisualEffectGraphs":true,"m_FxEnabled":true},"in2DMode":false,"pivot":{"x":12.482009887695313,"y":8.215069770812989,"z":-0.004050551913678646},"rotation":{"x":0.1703389585018158,"y":-0.21622098982334138,"z":0.03834133595228195,"w":0.960608720779419},"size":8.352010726928711,"orthographic":false}